{
  "global": {
    "int": {
      "0th": 0.00009539509,
      "10th": 0.001571484,
      "25th": 0.01335197,
      "75th": 0.01708206,
      "90th": 1
    },
    "sig": {
      "0th": -5.358010,
      "10th": -4.07436937,
      "25th": -2.469117,
      "75th": -1.909196,
      "90th": 0
    }
  },
  "country": {
    "int": {
      "0th": 0.0004185849,
      "10th": 0.003482567,
      "25th": 0.01837230,
      "75th": 0.02460205,
      "90th": 1
    },
    "sig": {
      "0th": -5.481736,
      "10th": -4.171231,
      "25th": -2.440162,
      "75th": -1.931894,
      "90th": 0
    }
  },
  "region": {
    "int": {
      "0th": 0.001425330,
      "10th": 0.005962131,
      "25th": 0.02241710,
      "75th": 0.02876663,
      "90th": 1
    },
    "sig": {
      "0th": -5.237272,
      "10th": -4.266008,
      "25th": -2.616505,
      "75th": -2.050910,
      "90th": 0
    }
  }
}

