{
  "USA": [
    [
      21.94304553343818,
      -168.046875
    ],
    [
      21.94304553343818,
      -65.21484375
    ],
    [
      71.58053179556501,
      -65.21484375
    ],
    [
      71.58053179556501,
      -168.046875
    ],
    [
      21.94304553343818,
      -168.046875
    ]
  ],
  "RUS": [
    [
      42.8115217450979,
      22.148437499999996
    ],
    [
      42.8115217450979,
      191.95312499999997
    ],
    [
      76.9206135182968,
      191.95312499999997
    ],
    [
      76.9206135182968,
      22.148437499999996
    ],
    [
      42.8115217450979,
      22.148437499999996
    ]
  ]
}
