{
  "USA": [
    [
      -168.046875,
      21.94304553343818
    ],
    [
      -65.21484375,
      21.94304553343818
    ],
    [
      -65.21484375,
      71.58053179556501
    ],
    [
      -168.046875,
      71.58053179556501
    ],
    [
      -168.046875,
      21.94304553343818
    ]
  ],
  "RUS": [
    [
      22.148437499999996,
      42.8115217450979
    ],
    [
      191.95312499999997,
      42.8115217450979
    ],
    [
      191.95312499999997,
      76.9206135182968
    ],
    [
      22.148437499999996,
      76.9206135182968
    ],
    [
      22.148437499999996,
      42.8115217450979
    ]
  ]
}
